"customer_id","period","region","currency","total_allocation"
"100156","DEC-16","East","RWF","30000"
"100199","DEC-16","East","RWF","10000"
"100204","DEC-16","East","RWF","10000"
"100209","DEC-16","East","RWF","10000"
"100214","DEC-16","East","RWF","10000"
"100215","DEC-16","East","RWF","10000"
"100234","DEC-2015","East","RWF","10000"
"100011","JAN-16","East","RWF","10000"
"100016","JAN-16","East","RWF","10000"
"100021","JAN-16","East","RWF","10000"
"100026","JAN-16","East","RWF","10000"
"100031","JAN-16","East","RWF","10000"
"100036","JAN-16","East","RWF","10000"
"100041","JAN-16","East","RWF","10000"
"100046","JAN-16","East","RWF","10000"
"100051","JAN-16","East","RWF","10000"
"100056","JAN-16","East","RWF","10000"
"100061","JAN-16","East","RWF","10000"
"100066","JAN-16","East","RWF","10000"
"100071","JAN-16","East","RWF","10000"
"100076","JAN-16","East","RWF","10000"
"100081","JAN-16","East","RWF","10000"
"100086","JAN-16","East","RWF","10000"
"100091","JAN-16","East","RWF","10000"
"100096","JAN-16","East","RWF","10000"
"100101","JAN-16","East","RWF","10000"
"100106","JAN-16","East","RWF","10000"
"100111","JAN-16","East","RWF","10000"
"100116","JAN-16","East","RWF","10000"
"100121","JAN-16","East","RWF","10000"
"100126","JAN-16","East","RWF","10000"
"100131","JAN-16","East","RWF","10000"
"100215","JAN-16","East","RWF","50000"
"100225","JAN-16","East","RWF","10000"
"100136","MAR-16","East","RWF","10000"
"100141","MAR-16","East","RWF","10000"
"100146","MAR-16","East","RWF","10000"
"100151","MAR-16","East","RWF","10000"
"100156","MAR-16","East","EUR","30000"
"100156","MAR-16","East","RWF","10000"
"100194","MAR-16","East","EUR","10000"
"100197","DEC-16","Mvk","RWF","10000"
"100207","DEC-16","Mvk","RWF","10000"
"100212","DEC-16","Mvk","RWF","10000"
"100232","DEC-2015","Mvk","RWF","10000"
"100014","JAN-16","Mvk","RWF","10000"
"100019","JAN-16","Mvk","RWF","10000"
"100024","JAN-16","Mvk","RWF","10000"
"100029","JAN-16","Mvk","RWF","10000"
"100034","JAN-16","Mvk","RWF","10000"
"100039","JAN-16","Mvk","RWF","10000"
"100044","JAN-16","Mvk","RWF","10000"
"100049","JAN-16","Mvk","RWF","10000"
"100054","JAN-16","Mvk","RWF","10000"
"100059","JAN-16","Mvk","RWF","10000"
"100064","JAN-16","Mvk","RWF","10000"
"100069","JAN-16","Mvk","RWF","10000"
"100074","JAN-16","Mvk","RWF","10000"
"100079","JAN-16","Mvk","RWF","10000"
"100084","JAN-16","Mvk","RWF","10000"
"100089","JAN-16","Mvk","RWF","10000"
"100094","JAN-16","Mvk","RWF","10000"
"100099","JAN-16","Mvk","RWF","10000"
"100104","JAN-16","Mvk","RWF","10000"
"100109","JAN-16","Mvk","RWF","10000"
"100114","JAN-16","Mvk","RWF","10000"
"100119","JAN-16","Mvk","RWF","10000"
"100124","JAN-16","Mvk","RWF","10000"
"100129","JAN-16","Mvk","RWF","10000"
"100134","JAN-16","Mvk","RWF","10000"
"100223","JAN-16","Mvk","RWF","10000"
"100228","JAN-16","Mvk","RWF","10000"
"100139","MAR-16","Mvk","RWF","10000"
"100144","MAR-16","Mvk","RWF","10000"
"100149","MAR-16","Mvk","RWF","10"
"100154","MAR-16","Mvk","RWF","10000"
"100192","MAR-16","Mvk","EUR","7000"
"100200","DEC-16","North","RWF","10000"
"100205","DEC-16","North","RWF","10000"
"100210","DEC-16","North","RWF","10000"
"100230","DEC-2015","North","RWF","10000"
"100012","JAN-16","North","RWF","10000"
"100017","JAN-16","North","RWF","10000"
"100022","JAN-16","North","RWF","10000"
"100027","JAN-16","North","RWF","10000"
"100032","JAN-16","North","RWF","10000"
"100037","JAN-16","North","RWF","10000"
"100042","JAN-16","North","RWF","10000"
"100047","JAN-16","North","RWF","10000"
"100052","JAN-16","North","RWF","10000"
"100057","JAN-16","North","RWF","10000"
"100062","JAN-16","North","RWF","10000"
"100067","JAN-16","North","RWF","10000"
"100072","JAN-16","North","RWF","10000"
"100077","JAN-16","North","RWF","10000"
"100082","JAN-16","North","RWF","10000"
"100087","JAN-16","North","RWF","10000"
"100092","JAN-16","North","RWF","10000"
"100097","JAN-16","North","RWF","10000"
"100102","JAN-16","North","RWF","10000"
"100107","JAN-16","North","RWF","10000"
"100112","JAN-16","North","RWF","10000"
"100117","JAN-16","North","RWF","10000"
"100122","JAN-16","North","RWF","10000"
"100127","JAN-16","North","RWF","10000"
"100132","JAN-16","North","RWF","10000"
"100221","JAN-16","North","RWF","10000"
"100226","JAN-16","North","RWF","10000"
"100137","MAR-16","North","RWF","10000"
"100142","MAR-16","North","RWF","10000"
"100147","MAR-16","North","RWF","10000"
"100152","MAR-16","North","RWF","10000"
"100195","MAR-16","North","RWF","10000"
"100198","DEC-16","South","RWF","10000"
"100208","DEC-16","South","RWF","10000"
"100213","DEC-16","South","RWF","10000"
"100229","DEC-2015","South","RWF","10000"
"100233","DEC-2015","South","RWF","10000"
"100015","JAN-16","South","RWF","10000"
"100020","JAN-16","South","RWF","10000"
"100025","JAN-16","South","RWF","10000"
"100030","JAN-16","South","RWF","10000"
"100035","JAN-16","South","RWF","10000"
"100040","JAN-16","South","RWF","10000"
"100045","JAN-16","South","RWF","10000"
"100050","JAN-16","South","RWF","10000"
"100055","JAN-16","South","RWF","10000"
"100060","JAN-16","South","RWF","10000"
"100065","JAN-16","South","RWF","10000"
"100070","JAN-16","South","RWF","10000"
"100075","JAN-16","South","RWF","10000"
"100080","JAN-16","South","RWF","10000"
"100085","JAN-16","South","RWF","10000"
"100090","JAN-16","South","RWF","10000"
"100095","JAN-16","South","RWF","10000"
"100100","JAN-16","South","RWF","10000"
"100105","JAN-16","South","RWF","10000"
"100110","JAN-16","South","RWF","10000"
"100115","JAN-16","South","RWF","10000"
"100120","JAN-16","South","RWF","10000"
"100125","JAN-16","South","RWF","10000"
"100130","JAN-16","South","RWF","10000"
"100224","JAN-16","South","RWF","10000"
"100135","MAR-16","South","RWF","10000"
"100140","MAR-16","South","RWF","10000"
"100145","MAR-16","South","RWF","10000"
"100150","MAR-16","South","RWF","10000"
"100155","MAR-16","South","RWF","10000"
"100193","MAR-16","South","EUR","10000"
"100196","DEC-16","West","RWF","10000"
"100206","DEC-16","West","RWF","10000"
"100211","DEC-16","West","RWF","10000"
"100231","DEC-2015","West","RWF","10000"
"100013","JAN-16","West","RWF","10000"
"100018","JAN-16","West","RWF","10000"
"100023","JAN-16","West","RWF","10000"
"100028","JAN-16","West","RWF","10000"
"100033","JAN-16","West","RWF","10000"
"100038","JAN-16","West","RWF","10000"
"100043","JAN-16","West","RWF","10000"
"100048","JAN-16","West","RWF","10000"
"100053","JAN-16","West","RWF","10000"
"100058","JAN-16","West","RWF","10000"
"100063","JAN-16","West","RWF","10000"
"100068","JAN-16","West","RWF","10"
"100073","JAN-16","West","RWF","10000"
"100078","JAN-16","West","RWF","10000"
"100083","JAN-16","West","RWF","10000"
"100088","JAN-16","West","RWF","10000"
"100093","JAN-16","West","RWF","10000"
"100098","JAN-16","West","RWF","10000"
"100103","JAN-16","West","RWF","10000"
"100108","JAN-16","West","RWF","10000"
"100113","JAN-16","West","RWF","10000"
"100118","JAN-16","West","RWF","10000"
"100123","JAN-16","West","RWF","10000"
"100128","JAN-16","West","RWF","10000"
"100133","JAN-16","West","RWF","10"
"100222","JAN-16","West","RWF","10000"
"100227","JAN-16","West","RWF","10000"
"100138","MAR-16","West","RWF","10000"
"100143","MAR-16","West","RWF","10000"
"100148","MAR-16","West","RWF","10000"
"100153","MAR-16","West","RWF","10000"
